1,Myron,Emblow,623-55-6074
2,Alejandrina,Berriman,747-81-0324
3,Quent,Conquest,156-53-3012
4,Avie,Scouller,719-29-3889
5,Charleen,Farrear,432-59-8858
6,Judie,Solomon,670-51-9329
7,Ernesta,Richardot,849-93-8910
8,Boone,Widdowes,352-81-3689
9,Dena,Durston,796-94-5396
10,Berkeley,Roubert,308-86-7425
11,Jena,Madgwick,201-86-3844
12,Jayne,Hawe,437-83-2461
13,Siouxie,Yerlett,751-72-3666
14,Gav,Flello,358-85-9232
15,Gwennie,Dunkinson,682-53-3349
16,Huntington,Rome,630-02-5159
17,Torrie,Armes,349-24-6939
18,Adiana,Mander,507-19-8493
19,Pattie,Nisco,157-37-4197
20,Anselm,Deroche,279-40-4406
21,Trev,Painswick,529-02-2258
22,Aguie,Fossitt,144-59-2568
23,Nicole,Skyme,693-33-3299
24,Rikki,Cranstone,671-51-5955
25,Ted,Rymmer,655-61-3371
26,Vachel,Hutt,321-35-6003
27,Kitti,McGarvey,104-12-0137
28,Cassy,Gawen,183-70-3919
29,Lexy,McClelland,508-12-8398
30,Ben,Gorman,373-07-3996
31,Carmelia,Elkins,793-48-2113
32,Dar,Bennett,303-85-8620
33,Loise,Mignot,671-46-1253
34,Gibby,MacPharlain,539-50-3035
35,Stephen,Disbrey,360-17-0675
36,Aubrette,Willans,552-73-8266
37,Nanny,Kinleyside,107-72-9346
38,Lowe,Iltchev,536-19-0923
39,Sanders,Skirven,579-19-4800
40,Lissi,Wisker,718-47-2667
41,Cleon,Munnis,135-06-3124
42,Bordy,Schops,603-99-5101
43,Murray,Strathe,332-55-5129
44,Shawna,Aharoni,878-26-3502
45,Liliane,Mateiko,438-39-6388
46,Duncan,Durand,734-81-0961
47,Nadia,Worge,104-79-9462
48,Tanny,Cregeen,726-49-0570
49,Kati,Stonier,743-64-2007
50,Pascal,Todeo,349-46-0724
51,Aleksandr,Kennefick,608-58-5350
52,Yoshiko,Allam,705-35-4417
53,Linnie,Schimaschke,791-09-6650
54,Nap,Giamuzzo,777-24-9491
55,Allister,Ladd,158-64-6215
56,Putnam,Kosel,234-65-5169
57,Hammad,Munning,611-82-8861
58,Pamelina,Loadman,350-11-2310
59,Foster,Pengelly,731-44-4725
60,Bart,Jovanovic,494-94-0553
61,Tandie,Hrinchishin,277-40-3219
62,Akim,Masarrat,556-44-4450
63,Moreen,Keach,141-06-5763
64,Orazio,Collingdon,878-42-3545
65,Erroll,Comins,732-34-3007
66,Clemence,Eul,741-72-6554
67,Dyana,McLelland,407-56-5067
68,Morey,Vasiljevic,562-26-6219
69,Emerson,Chasemore,646-95-8128
70,Abbot,Gave,287-75-5852
71,Truda,Dracksford,821-46-8727
72,Edgar,Dumingo,270-87-4443
73,Meta,Gilardone,199-67-1917
74,Gisela,McGrann,558-66-3993
75,Bren,Catherall,613-74-4545
76,Carter,Rogge,172-42-6483
77,Carney,Grigson,498-31-8732
78,Andra,Chipchase,321-24-2040
79,Syman,Huff,299-35-0658
80,Berna,Darracott,827-38-8992
81,Fin,Spears,703-09-6358
82,Tess,Scurman,187-80-6472
83,Bay,Legate,535-25-8626
84,Sigismond,Kohring,147-60-2783
85,Wendell,Singers,703-58-1979
86,Ty,Larive,550-04-1164
87,Aubrette,Rivett,829-32-0225
88,Garrot,Charnley,617-24-6426
89,Tiphanie,D'eye,111-94-5312
90,Schuyler,Hebborne,578-81-7375
91,Jobey,Berry,353-78-3440
92,Lucine,Grieve,540-24-5640
93,Min,Jime,121-38-9351
94,Desiree,Binns,317-36-2431
95,Kassia,Sammon,125-23-5067
96,Herta,Helversen,268-17-9980
97,Ophelia,Hercules,425-77-8416
98,Ellsworth,Romanet,498-27-4039
99,Iggie,Dotson,527-62-3533
100,Claudetta,Coltan,300-82-8489
